0,,,,,,,,,
The Victory Room,,,,,p,,,,
congradulations,,,,,,,,,
,,,,,,,,,
,,,,,,,,,
,,,,,-,,,,
,,,,,,,,,
,,,,,,,,,
,,,,,,,,,
,,,,,,,,,
,,,,,,,,,
,,,,,,,,,
,,,,,,,,,
,,,,,,,,,
,,,,,,,,,
,,,,,,,,,
,,,,,,,,,
,,,,,,,,,
,,,,,,,,,
,,,,,,,,,
,,,,,,,,,
,,,,,,,,,
,,,,,,,,,
,,,,,,,,,
,,,,,,,,,
,,,,,,,,,
,,,,,,,,,
,,,,,,,,,
,,,,,,,,,
,-,-,-,-,-,-,-,-,-
,,,,,,,,,
,,,,,,,,,
,,,,,,,,,
,^,^,^,^,^,^,^,^,^
,^,^,^,^,^,^,^,^,^
,^,^,^,^,^,^,^,^,^
,^,^,^,^,^,^,^,^,^
,^,^,^,^,^,^,^,^,^
,^,^,^,^,^,^,^,^,^
,^,^,^,^,^,^,^,^,^
,^,^,^,^,^,^,^,^,^
,^,^,^,^,^,^,^,^,^
,^,^,^,^,^,^,^,^,^
,^,^,^,^,^,^,^,^,^
,^,^,^,^,^,^,^,^,^
,^,^,^,^,^,^,^,^,^
,^,^,^,^,^,^,^,^,^
